<?xml version="1.0" encoding="UTF-8"?>
<!DOCTYPE suite SYSTEM "http://testng.org/testng-1.0.dtd">
<suite name="Parallel"  parallel="tests" thread-count="4" >

    <listeners>
        <listener class-name="utils.TestListener"/>
    </listeners>

      <test name="SpotOrder">
           <parameter name="config" value="spotorderpartsNA.properties"/>
           <parameter name="environment" value="NA"/>
           <classes>
               <class name="tests.parts.Spotorderparts"/>
           </classes>
       </test>

    <test name="SubmitAnEstimete">
        <parameter name="config" value="submitanestimateservicemanagerNA.properties"/>
        <parameter name="environment" value="NA"/>
        <classes>
            <class name="tests.Estimate.SubmitAnEstimateServiceManager"/>
        </classes>
    </test>

    <test name="Countersale">
        <parameter name="config" value="countersaleNA.properties"/>
        <parameter name="environment" value="NA"/>
        <classes>
            <class name="tests.parts.CounterSale"/>
        </classes>
    </test>

    <test name="Pauselabour">
        <parameter name="config" value="pauselaborNA.properties"/>
        <parameter name="environment" value="NA"/>
        <classes>
            <class name="tests.tech.PauseLabor"/>
        </classes>
    </test>

</suite>