<?xml version="1.0" encoding="UTF-8"?>
<!DOCTYPE suite SYSTEM "http://testng.org/testng-1.0.dtd">
<suite name="Parallel"  parallel="tests" thread-count="4" >

 <test name="CustomerPOafterInvoice">
  <parameter name="config" value="servicemanagerchangecustomerpoafterinvoicingEC.properties"/>
  <parameter name="environment" value="EC"/>
  <classes>
      <class name="tests.service.ServiceManagerChangeCustomerPOafterInvoicing"/>
  </classes>
</test>

  <test name ="JournalizeCounterSale">
    <parameter name="config" value="journalizecountersaleEC.properties"/>
    <parameter name="environment" value="EC"/>
    <classes>
      <class name="tests.parts.JournalizeCounterSale"/>
    </classes>
  </test>

  <test name="SpotOrder">
    <parameter name="config" value="spotorderpartsEC.properties"/>
    <parameter name="config" value="EC"/>
    <classes>
      <class name = "tests.parts.Spotorderparts"/>
    </classes>
  </test>

  <test name="SubmitAnEstimete">
    <parameter name="config" value="submitanestimateservicemanagerEC.properties"/>
    <parameter name="environment" value="EC"/>
    <classes>
      <class name="tests.Estimate.SubmitAnEstimateServiceManager"/>
    </classes>
  </test>

</suite>
