<?xml version="1.0" encoding="UTF-8"?>
<!DOCTYPE suite SYSTEM "http://testng.org/testng-1.0.dtd">
<suite name="Parallel"  parallel="tests" thread-count="4" >

    <listeners>
        <listener class-name="utils.TestListener"/>
    </listeners>

      <test name="ReceivePart">
          <parameter name="config" value="receivepartsNA.properties"/>
          <parameter name="environment" value="NA"/>
          <classes>
              <class name="tests.parts.ReceiveParts"/>
          </classes>
      </test>


    <test name="PartRelatedTask">
        <parameter name="config" value="servicemanagerpartsrelatedtasksNA.properties"/>
        <parameter name="environment" value="NA"/>
        <classes>
            <class name="tests.techRo.ServiceManagerPartsRelatedTasks"/>
        </classes>
    </test>

      <test name="ServicemanagerInvoice">
          <parameter name="config" value="servicemanagerinvoiceNA.properties"/>
          <parameter name="environment" value="NA"/>
          <classes>
              <class name="tests.techRo.ServiceManagerInvoice"/>
          </classes>
      </test>

    <test name="TechWoLabour">
        <parameter name="config" value="techwolaborNA.properties"/>
        <parameter name="environment" value="NA"/>
        <classes>
            <class name="tests.tech.TechWoLabor"/>
        </classes>
    </test>



</suite>