<?xml version="1.0" encoding="UTF-8"?>
<!DOCTYPE suite SYSTEM "http://testng.org/testng-1.0.dtd">
<suite name="Parallel"  parallel="tests" thread-count="5" >


<listeners>
        <listener class-name="utils.TestListener"/>
    </listeners>



    <test name="ReceivePart">
        <parameter name="config" value="receivepartsEU.properties"/>
        <parameter name="environment" value="EU"/>
        <classes>
            <class name="tests.parts.ReceiveParts"/>
        </classes>
    </test>

    <test name = "Journalize">
        <parameter name="config" value="servicemanagerjournalizeEU.properties"/>
        <parameter name="environment" value="EU"/>
        <classes>
            <class name="tests.techRo.ServiceManagerJournalize"/>
        </classes>
    </test>

       <test name="CustomerPoChange">
      <parameter name="config" value="servicemanagerchangecustomerpoafterinvoicingEU.properties"/>
      <parameter name="environment" value="EU"/>
      <classes>
          <class name="tests.service.ServiceManagerChangeCustomerPOafterInvoicing"/>
      </classes>
  </test>


    <test name="TechWoParts">
           <parameter name="config" value="techwopartsEU.properties"/>
           <parameter name="environment" value="EU"/>
           <classes>
               <class name="tests.tech.TechWoParts"/>
           </classes>
       </test>




</suite>