<?xml version="1.0" encoding="UTF-8"?>
<!DOCTYPE suite SYSTEM "http://testng.org/testng-1.0.dtd">
<suite name="Parallel"  parallel="tests" thread-count="4" >

       <test name="PartRelatedTask">
            <parameter name="config" value="servicemanagerpartsrelatedtasksEC.properties"/>
            <parameter name="environment" value="EC"/>
            <classes>
                <class name="tests.techRo.ServiceManagerPartsRelatedTasks"/>
            </classes>
        </test>

         <test name="IssueParttotech">
              <parameter name="config" value="issueparttotechEC.properties"/>
              <parameter name="environment" value="EC"/>
              <classes>
                  <class name="tests.tech.IssuePartToTech"/>
              </classes>
          </test>

          <test name="ManagerInvoice">
          <parameter name="config" value="servicemanagerinvoiceEC.properties"/>
          <parameter name="environment" value="EC"/>
          <classes>
              <class name="tests.techRo.ServiceManagerInvoice"/>
          </classes>
      </test>

    <test name="WoLabour">
        <parameter name="config" value="techwolaborEC.properties"/>
        <parameter name="environment" value="EC"/>
        <classes>
            <class name="tests.tech.TechWoLabor"/>
        </classes>
    </test>




</suite>

