<?xml version="1.0" encoding="UTF-8"?>
<!DOCTYPE suite SYSTEM "http://testng.org/testng-1.0.dtd">
<suite name="Parallel"  parallel="tests" thread-count="3" >

    <test name="Customer">
        <parameter name="config" value="createcustomerNA.properties"/>
        <parameter name="environment" value="NA"/>
        <classes>
            <class name="tests.administration.CreateCustomer"/>
        </classes>
    </test>


    <test name="JournalizePartsInvoice">
        <parameter name="config" value="journalizepartsinvoiceNA.properties"/>
        <parameter name="environment" value="NA"/>
        <classes>
            <class name="tests.parts.JournalizePartsInvoice"/>
        </classes>
    </test>

       <test name="TechWoParts">
          <parameter name="config" value="techwopartsNA.properties"/>
          <parameter name="environment" value="NA"/>
          <classes>
              <class name="tests.tech.TechWoParts"/>
          </classes>
      </test>



</suite>